Workbook

Sheet WPI_RAW_DATA
A1: COMM_NAME | B1: COMM_CODE | C1: COMM_WT | D1: INDX042012 | E1: INDX052012 | F1: INDX062012 | G1: INDX072012 | H1: INDX082012 | I1: INDX092012 | J1: INDX102012 | K1: INDX112012 | L1: INDX122012 | M1: INDX012013 | N1: INDX022013 | O1: INDX032013 | P1: INDX042013 | Q1: INDX052013 | R1: INDX062013 | S1: INDX072013 | T1: INDX082013 | U1: INDX092013 | V1: INDX102013 | W1: INDX112013 | X1: INDX122013 | Y1: INDX012014 | Z1: INDX022014 | AA1: INDX032014 | AB1: INDX042014 | AC1: INDX052014 | AD1: INDX062014 | AE1: INDX072014 | AF1: INDX082014 | AG1: INDX092014 | AH1: INDX102014 | AI1: INDX112014 | AJ1: INDX122014 | AK1: INDX012015 | AL1: INDX022015 | AM1: INDX032015 | AN1: INDX042015 | AO1: INDX052015 | AP1: INDX062015 | AQ1: INDX072015 | AR1: INDX082015 | AS1: INDX092015 | AT1: INDX102015 | AU1: INDX112015 | AV1: INDX122015 | AW1: INDX012016 | AX1: INDX022016 | AY1: INDX032016 | AZ1: INDX042016 | BA1: INDX052016 | BB1: INDX062016 | BC1: INDX072016 | BD1: INDX082016 | BE1: INDX092016 | BF1: INDX102016 | BG1: INDX112016 | BH1: INDX122016 | BI1: INDX012017 | BJ1: INDX022017 | BK1: INDX032017 | BL1: INDX042017 | BM1: INDX052017 | BN1: INDX062017 | BO1: INDX072017 | BP1: INDX082017 | BQ1: INDX092017 | BR1: INDX102017 | BS1: INDX112017 | BT1: INDX122017 | BU1: INDX012018 | BV1: INDX022018 | BW1: INDX032018 | BX1: INDX042018 | BY1: INDX052018 | BZ1: INDX062018 | CA1: INDX072018 | CB1: INDX082018 | CC1: INDX092018 | CD1: INDX102018 | CE1: INDX112018 | CF1: INDX122018 | CG1: INDX012019 | CH1: INDX022019 | CI1: INDX032019 | CJ1: INDX042019 | CK1: INDX052019 | CL1: INDX062019 | CM1: INDX072019 | CN1: INDX082019 | CO1: INDX092019 | CP1: INDX102019 | CQ1: INDX112019 | CR1: INDX122019 | CS1: INDX012020 | CT1: INDX022020 | CU1: INDX032020 | CV1: INDX042020 | CW1: INDX052020 | CX1: INDX062020 | CY1: INDX072020 | CZ1: INDX082020 | DA1: INDX092020 | DB1: INDX102020 | DC1: INDX112020 | DD1: INDX122020 | DE1: INDX012021 | DF1: INDX022021 | DG1: INDX032021 | DH1: INDX042021 | DI1: INDX052021 | DJ1: INDX062021 | DK1: INDX072021 | DL1: INDX082021 | DM1: INDX092021 | DN1: INDX102021 | DO1: INDX112021 | DP1: INDX122021 | DQ1: INDX012022 | DR1: INDX022022 | DS1: INDX032022 | DT1: INDX042022 | DU1: INDX052022 | DV1: INDX062022 | DW1: INDX072022 | DX1: INDX082022 | DY1: INDX092022 | DZ1: INDX102022 | EA1: INDX112022 | EB1: INDX122022 | EC1: INDX012023 | ED1: INDX022023 | EE1: INDX032023 | EF1: INDX042023 | EG1: INDX052023 | EH1: INDX062023 | EI1: INDX072023 | EJ1: INDX082023 | EK1: INDX092023 | EL1: INDX102023
A2: Bajra | B2: 1101010104 | C2: 0.08637 | D2: 107.7 | E2: 109.3 | F2: 107 | G2: 113.9 | H2: 120.7 | I2: 121.7 | J2: 114.8 | K2: 120.4 | L2: 127.7 | M2: 131.6 | N2: 132.7 | O2: 132.5 | P2: 136.4 | Q2: 137.6 | R2: 136.9 | S2: 135.3 | T2: 131 | U2: 130.9 | V2: 129.7 | W2: 129.5 | X2: 131.1 | Y2: 132.3 | Z2: 131.5 | AA2: 133.6 | AB2: 134.4 | AC2: 134.6 | AD2: 132.5 | AE2: 134.4 | AF2: 133.2 | AG2: 133.9 | AH2: 129.3 | AI2: 125.6 | AJ2: 123.9 | AK2: 125 | AL2: 123.2 | AM2: 124.8 | AN2: 127.3 | AO2: 126.7 | AP2: 125.2 | AQ2: 124.3 | AR2: 127.4 | AS2: 132.2 | AT2: 132.7 | AU2: 135.3 | AV2: 139.2 | AW2: 142.9 | AX2: 144.2 | AY2: 147.7 | AZ2: 155.8 | BA2: 162.6 | BB2: 158.7 | BC2: 159.6 | BD2: 159.3 | BE2: 155.1 | BF2: 148.1 | BG2: 151 | BH2: 154.7 | BI2: 151.9 | BJ2: 151.3 | BK2: 152.6 | BL2: 153.8 | BM2: 153.2 | BN2: 149.7 | BO2: 145.4 | BP2: 143.8 | BQ2: 139.4 | BR2: 132.9 | BS2: 130.2 | BT2: 133.9 | BU2: 131.7 | BV2: 127.9 | BW2: 126.8 | BX2: 127 | BY2: 128.1 | BZ2: 129.5 | CA2: 132.9 | CB2: 138.2 | CC2: 141.7 | CD2: 148.6 | CE2: 161.7 | CF2: 165.1 | CG2: 171.2 | CH2: 178.3 | CI2: 182 | CJ2: 188 | CK2: 194.7 | CL2: 195.3 | CM2: 199.6 | CN2: 200.4 | CO2: 195.9 | CP2: 184.9 | CQ2: 188.4 | CR2: 194.7 | CS2: 201.6 | CT2: 193.7 | CU2: 187.5 | CV2: 188.9 | CW2: 185 | CX2: 176.1 | CY2: 167.3 | CZ2: 161.1 | DA2: 155.7 | DB2: 155.4 | DC2: 154.2 | DD2: 150 | DE2: 148.3 | DF2: 145.7 | DG2: 146.9 | DH2: 146.6 | DI2: 149.1 | DJ2: 150.1 | DK2: 153.9 | DL2: 161.1 | DM2: 166.4 | DN2: 164.8 | DO2: 172.6 | DP2: 183.4 | DQ2: 183.2 | DR2: 187.7 | DS2: 196.4 | DT2: 205.4 | DU2: 209.3 | DV2: 207 | DW2: 208 | DX2: 214.3 | DY2: 212.8 | DZ2: 201.5 | EA2: 209.7 | EB2: 219.2 | EC2: 224.1 | ED2: 219.6 | EE2: 225.1 | EF2: 229.6 | EG2: 229.4 | EH2: 226.7 | EI2: 226.9 | EJ2: 225.9 | EK2: 225.7 | EL2: 231.5
A3: Moong | B3: 1101010203 | C3: 0.07088 | D3: 96.3 | E3: 96 | F3: 96.6 | G3: 103.6 | H3: 108.7 | I3: 108.4 | J3: 112.2 | K3: 113.5 | L3: 115.4 | M3: 116.9 | N3: 117.1 | O3: 118.3 | P3: 120 | Q3: 118.9 | R3: 119 | S3: 118 | T3: 113.9 | U3: 117.5 | V3: 122.9 | W3: 126.4 | X3: 126.7 | Y3: 126.5 | Z3: 129.3 | AA3: 132.6 | AB3: 135.5 | AC3: 137.8 | AD3: 136.8 | AE3: 142.5 | AF3: 142.2 | AG3: 141.2 | AH3: 144.6 | AI3: 148.5 | AJ3: 153.9 | AK3: 159.1 | AL3: 155.7 | AM3: 150.7 | AN3: 151.4 | AO3: 155.7 | AP3: 170.2 | AQ3: 165.3 | AR3: 164.8 | AS3: 167.5 | AT3: 173.5 | AU3: 178.1 | AV3: 168.8 | AW3: 167.1 | AX3: 161 | AY3: 158.7 | AZ3: 162.2 | BA3: 161.9 | BB3: 155.4 | BC3: 150.4 | BD3: 143.5 | BE3: 134.7 | BF3: 131.6 | BG3: 127.4 | BH3: 122.7 | BI3: 119.7 | BJ3: 116.9 | BK3: 115.4 | BL3: 120.8 | BM3: 120.1 | BN3: 116.8 | BO3: 113 | BP3: 112.6 | BQ3: 112.9 | BR3: 111.5 | BS3: 109.8 | BT3: 110.7 | BU3: 112.2 | BV3: 113 | BW3: 114.1 | BX3: 111.5 | BY3: 113 | BZ3: 112.4 | CA3: 115 | CB3: 118.9 | CC3: 119.8 | CD3: 118.1 | CE3: 121.6 | CF3: 123 | CG3: 125.8 | CH3: 128.2 | CI3: 127.8 | CJ3: 128.2 | CK3: 130.9 | CL3: 135.6 | CM3: 137.1 | CN3: 137.2 | CO3: 138.7 | CP3: 139.7 | CQ3: 146.7 | CR3: 149.6 | CS3: 151.3 | CT3: 156.6 | CU3: 162 | CV3: 174.2 | CW3: 179.7 | CX3: 176.1 | CY3: 173.6 | CZ3: 170.4 | DA3: 164.3 | DB3: 162.6 | DC3: 165.1 | DD3: 168.5 | DE3: 166.7 | DF3: 169.7 | DG3: 169.2 | DH3: 169.7 | DI3: 169.6 | DJ3: 167.4 | DK3: 163.5 | DL3: 162.5 | DM3: 164.9 | DN3: 166.3 | DO3: 164.7 | DP3: 165.1 | DQ3: 164.1 | DR3: 166.1 | DS3: 168.8 | DT3: 167.7 | DU3: 166.3 | DV3: 165.1 | DW3: 166.2 | DX3: 167.6 | DY3: 166.2 | DZ3: 166.2 | EA3: 165.7 | EB3: 168.2 | EC3: 167.7 | ED3: 167.8 | EE3: 172.8 | EF3: 180.8 | EG3: 178.6 | EH3: 184.8 | EI3: 188.7 | EJ3: 189.4 | EK3: 199.7 | EL3: 205.6
A4: Masur | B4: 1101010204 | C4: 0.05299 | D4: 102.5 | E4: 107.4 | F4: 109.7 | G4: 115.2 | H4: 119.2 | I4: 119 | J4: 118.6 | K4: 118.1 | L4: 117.4 | M4: 119.8 | N4: 120.1 | O4: 119.5 | P4: 126.1 | Q4: 127.1 | R4: 130.6 | S4: 131.5 | T4: 132.2 | U4: 132.7 | V4: 130.9 | W4: 134.1 | X4: 135.6 | Y4: 136.4 | Z4: 136.6 | AA4: 140.8 | AB4: 143.3 | AC4: 145.5 | AD4: 146.2 | AE4: 147.9 | AF4: 150.2 | AG4: 152.6 | AH4: 152.1 | AI4: 153.9 | AJ4: 157.5 | AK4: 166.8 | AL4: 166.2 | AM4: 164.9 | AN4: 165.1 | AO4: 177 | AP4: 186.3 | AQ4: 188.4 | AR4: 195.6 | AS4: 195.1 | AT4: 197 | AU4: 198.8 | AV4: 195.5 | AW4: 190.5 | AX4: 184 | AY4: 182.3 | AZ4: 186.8 | BA4: 190.2 | BB4: 191 | BC4: 190.7 | BD4: 185.6 | BE4: 182 | BF4: 179.2 | BG4: 176.8 | BH4: 169.6 | BI4: 161.1 | BJ4: 156.2 | BK4: 154 | BL4: 155.3 | BM4: 148.5 | BN4: 144.5 | BO4: 137.5 | BP4: 136 | BQ4: 138.3 | BR4: 133.8 | BS4: 130.9 | BT4: 130.3 | BU4: 126.7 | BV4: 122.1 | BW4: 120.6 | BX4: 120.8 | BY4: 120.7 | BZ4: 117.8 | CA4: 117.9 | CB4: 121 | CC4: 121.8 | CD4: 121.7 | CE4: 121.2 | CF4: 124.6 | CG4: 127.5 | CH4: 129.5 | CI4: 130.1 | CJ4: 131.8 | CK4: 134.9 | CL4: 137.1 | CM4: 137.5 | CN4: 137.3 | CO4: 137.3 | CP4: 137 | CQ4: 140.5 | CR4: 143.2 | CS4: 147.9 | CT4: 147.1 | CU4: 146 | CV4: 149.7 | CW4: 150.8 | CX4: 155.1 | CY4: 157.5 | CZ4: 158 | DA4: 159 | DB4: 162.8 | DC4: 166.3 | DD4: 163.8 | DE4: 165.4 | DF4: 166.3 | DG4: 168.4 | DH4: 171.9 | DI4: 176.1 | DJ4: 179.6 | DK4: 179.9 | DL4: 184 | DM4: 197.3 | DN4: 203.3 | DO4: 203.4 | DP4: 201.7 | DQ4: 202.9 | DR4: 204.9 | DS4: 205.5 | DT4: 202.8 | DU4: 202.5 | DV4: 200.6 | DW4: 202.1 | DX4: 204.4 | DY4: 199.7 | DZ4: 199.8 | EA4: 202.1 | EB4: 199.8 | EC4: 199 | ED4: 196.3 | EE4: 194.6 | EF4: 192.1 | EG4: 188.1 | EH4: 187.7 | EI4: 186.6 | EJ4: 186.9 | EK4: 192.6 | EL4: 189.5
A5: Peas/Chawali | B5: 1101010206 | C5: 0.02444 | D5: 113.2 | E5: 123.1 | F5: 134.3 | G5: 147.4 | H5: 143.3 | I5: 153.8 | J5: 146.6 | K5: 131.8 | L5: 124.8 | M5: 118.4 | N5: 113 | O5: 123.2 | P5: 136.2 | Q5: 139.7 | R5: 153.1 | S5: 151.7 | T5: 147.4 | U5: 157.1 | V5: 157 | W5: 150.2 | X5: 131.9 | Y5: 103.4 | Z5: 105.8 | AA5: 116.7 | AB5: 129.9 | AC5: 135.6 | AD5: 139.8 | AE5: 145.7 | AF5: 147.2 | AG5: 146.4 | AH5: 147.3 | AI5: 136.5 | AJ5: 119.1 | AK5: 113.6 | AL5: 106.5 | AM5: 124.7 | AN5: 126.1 | AO5: 136.9 | AP5: 150 | AQ5: 142.1 | AR5: 139.7 | AS5: 148.2 | AT5: 142.7 | AU5: 140.3 | AV5: 122.8 | AW5: 120.5 | AX5: 112.4 | AY5: 112.4 | AZ5: 136.6 | BA5: 146.3 | BB5: 158.2 | BC5: 156.6 | BD5: 147.4 | BE5: 147.4 | BF5: 153.7 | BG5: 152.2 | BH5: 134.7 | BI5: 120.2 | BJ5: 119.7 | BK5: 122.2 | BL5: 133.3 | BM5: 136.1 | BN5: 130.2 | BO5: 137.6 | BP5: 141.4 | BQ5: 142.3 | BR5: 142.4 | BS5: 141.2 | BT5: 137.8 | BU5: 130 | BV5: 127.3 | BW5: 129 | BX5: 145.5 | BY5: 149.9 | BZ5: 150.5 | CA5: 154 | CB5: 158.4 | CC5: 157.6 | CD5: 183 | CE5: 203.9 | CF5: 189.9 | CG5: 167.7 | CH5: 155.7 | CI5: 168.2 | CJ5: 179 | CK5: 185.1 | CL5: 189.9 | CM5: 190.7 | CN5: 194.9 | CO5: 199.9 | CP5: 200.6 | CQ5: 202.4 | CR5: 177.4 | CS5: 182.4 | CT5: 182.3 | CU5: 180.1 | CV5: 187.8 | CW5: 194.9 | CX5: 199.6 | CY5: 200 | CZ5: 202.4 | DA5: 205.1 | DB5: 213.5 | DC5: 230.2 | DD5: 187.1 | DE5: 172.9 | DF5: 178.6 | DG5: 188.7 | DH5: 217.7 | DI5: 219 | DJ5: 216.5 | DK5: 214 | DL5: 217.6 | DM5: 219 | DN5: 209.7 | DO5: 237 | DP5: 199.2 | DQ5: 191.4 | DR5: 195.1 | DS5: 187.9 | DT5: 209.6 | DU5: 223.5 | DV5: 220.6 | DW5: 218.3 | DX5: 230.1 | DY5: 235.7 | DZ5: 250.2 | EA5: 223.1 | EB5: 175.9 | EC5: 160.4 | ED5: 160.2 | EE5: 166.9 | EF5: 195.5 | EG5: 199.5 | EH5: 196 | EI5: 215.9 | EJ5: 219.8 | EK5: 227.4 | EL5: 237.6
A6: Cauliflower | B6: 1101020108 | C6: 0.16697 | D6: 119.1 | E6: 0 | F6: 0 | G6: 0 | H6: 0 | I6: 134.6 | J6: 129.4 | K6: 101.7 | L6: 92.6 | M6: 103.1 | N6: 99.6 | O6: 103.6 | P6: 109 | Q6: 0 | R6: 0 | S6: 0 | T6: 0 | U6: 146.4 | V6: 162.9 | W6: 178.3 | X6: 119 | Y6: 99.6 | Z6: 91.7 | AA6: 97.9 | AB6: 105.8 | AC6: 0 | AD6: 0 | AE6: 0 | AF6: 0 | AG6: 162 | AH6: 148.3 | AI6: 129.7 | AJ6: 119.7 | AK6: 110.7 | AL6: 102 | AM6: 102.7 | AN6: 101.6 | AO6: 0 | AP6: 0 | AQ6: 0 | AR6: 0 | AS6: 123.6 | AT6: 121 | AU6: 122 | AV6: 126.1 | AW6: 111.9 | AX6: 93.5 | AY6: 87.5 | AZ6: 90.4 | BA6: 0 | BB6: 0 | BC6: 0 | BD6: 0 | BE6: 154.1 | BF6: 171.3 | BG6: 145.4 | BH6: 110.4 | BI6: 88 | BJ6: 80.8 | BK6: 104.8 | BL6: 115.2 | BM6: 0 | BN6: 0 | BO6: 0 | BP6: 0 | BQ6: 118.8 | BR6: 142.2 | BS6: 141.5 | BT6: 106.2 | BU6: 92 | BV6: 76.6 | BW6: 68.5 | BX6: 80.8 | BY6: 0 | BZ6: 0 | CA6: 0 | CB6: 0 | CC6: 174.9 | CD6: 178.5 | CE6: 161 | CF6: 132.3 | CG6: 130.5 | CH6: 114 | CI6: 149.2 | CJ6: 178.9 | CK6: 0 | CL6: 0 | CM6: 0 | CN6: 0 | CO6: 191.1 | CP6: 227.7 | CQ6: 246.1 | CR6: 196.6 | CS6: 198.3 | CT6: 154.7 | CU6: 142.9 | CV6: 160.7 | CW6: 0 | CX6: 0 | CY6: 0 | CZ6: 0 | DA6: 226.4 | DB6: 239.6 | DC6: 215.1 | DD6: 162.2 | DE6: 141.1 | DF6: 137.3 | DG6: 139.1 | DH6: 159.7 | DI6: 0 | DJ6: 0 | DK6: 0 | DL6: 0 | DM6: 231.2 | DN6: 250.1 | DO6: 293.1 | DP6: 282 | DQ6: 245.7 | DR6: 208.7 | DS6: 184.5 | DT6: 209.2 | DU6: 0 | DV6: 0 | DW6: 0 | DX6: 0 | DY6: 291.7 | DZ6: 329 | EA6: 234.2 | EB6: 164.3 | EC6: 161.1 | ED6: 148.4 | EE6: 163.5 | EF6: 176.9 | EG6: 0 | EH6: 0 | EI6: 0 | EJ6: 0 | EK6: 230.3 | EL6: 244.6
A7: Okra (Lady finger) | B7: 1101020110 | C7: 0.14592 | D7: 152.2 | E7: 92.6 | F7: 90.3 | G7: 87 | H7: 78 | I7: 75.1 | J7: 89.3 | K7: 94.2 | L7: 112.4 | M7: 112.7 | N7: 117.1 | O7: 115.8 | P7: 99.6 | Q7: 61.5 | R7: 69.8 | S7: 86.5 | T7: 89.7 | U7: 91.6 | V7: 109.6 | W7: 142.8 | X7: 144.8 | Y7: 142.4 | Z7: 143.6 | AA7: 134.5 | AB7: 94 | AC7: 61.3 | AD7: 61.5 | AE7: 89.9 | AF7: 84 | AG7: 85.8 | AH7: 83.4 | AI7: 106.5 | AJ7: 125.4 | AK7: 137.8 | AL7: 109.2 | AM7: 110.2 | AN7: 99.8 | AO7: 74.4 | AP7: 80.4 | AQ7: 77.1 | AR7: 65.1 | AS7: 65.4 | AT7: 83.8 | AU7: 94.7 | AV7: 117.4 | AW7: 125.3 | AX7: 117 | AY7: 95.6 | AZ7: 84.8 | BA7: 79.7 | BB7: 73 | BC7: 79.2 | BD7: 82 | BE7: 80.8 | BF7: 86.5 | BG7: 74 | BH7: 89.9 | BI7: 112.8 | BJ7: 122.1 | BK7: 115.3 | BL7: 99 | BM7: 97.3 | BN7: 87.4 | BO7: 104.9 | BP7: 129 | BQ7: 98.5 | BR7: 132.9 | BS7: 149.2 | BT7: 158.1 | BU7: 160.2 | BV7: 151.3 | BW7: 154.4 | BX7: 114.8 | BY7: 80.2 | BZ7: 83.3 | CA7: 114.7 | CB7: 128.7 | CC7: 110.3 | CD7: 117.1 | CE7: 108.3 | CF7: 135.6 | CG7: 166.2 | CH7: 173.3 | CI7: 168.5 | CJ7: 142.4 | CK7: 119.6 | CL7: 87 | CM7: 91.8 | CN7: 87.6 | CO7: 80.3 | CP7: 110.2 | CQ7: 156.7 | CR7: 196.2 | CS7: 191.9 | CT7: 191.1 | CU7: 173 | CV7: 156 | CW7: 97.5 | CX7: 87.6 | CY7: 82.6 | CZ7: 93.7 | DA7: 131.6 | DB7: 161 | DC7: 131.4 | DD7: 152.2 | DE7: 194.1 | DF7: 225.9 | DG7: 190.4 | DH7: 149.7 | DI7: 120.5 | DJ7: 129.4 | DK7: 153 | DL7: 113 | DM7: 97.8 | DN7: 129.2 | DO7: 195.6 | DP7: 274.4 | DQ7: 279.8 | DR7: 273.7 | DS7: 212.1 | DT7: 179.6 | DU7: 106.6 | DV7: 88.7 | DW7: 102.8 | DX7: 113.7 | DY7: 125.3 | DZ7: 144.2 | EA7: 132.6 | EB7: 152.6 | EC7: 246.8 | ED7: 266.9 | EE7: 263.4 | EF7: 212 | EG7: 147 | EH7: 121.7 | EI7: 177.9 | EJ7: 130.6 | EK7: 94 | EL7: 123.5
A8: Beans | B8: 1101020118 | C8: 0.08309 | D8: 140.4 | E8: 137.4 | F8: 138.3 | G8: 111.2 | H8: 113.3 | I8: 90.3 | J8: 96.5 | K8: 113.1 | L8: 113.6 | M8: 106.4 | N8: 108.9 | O8: 136.9 | P8: 172 | Q8: 179.2 | R8: 181.8 | S8: 119.1 | T8: 112.3 | U8: 131.9 | V8: 125.1 | W8: 99.5 | X8: 117 | Y8: 109.2 | Z8: 103.8 | AA8: 109.5 | AB8: 116.7 | AC8: 148.8 | AD8: 153.1 | AE8: 135.3 | AF8: 110.5 | AG8: 90.3 | AH8: 127.5 | AI8: 129 | AJ8: 127.9 | AK8: 99.5 | AL8: 112.4 | AM8: 107.6 | AN8: 124.2 | AO8: 176.5 | AP8: 137.3 | AQ8: 134.8 | AR8: 134.8 | AS8: 134.8 | AT8: 134.8 | AU8: 134.8 | AV8: 134.8 | AW8: 134.8 | AX8: 134.8 | AY8: 134.8 | AZ8: 170.3 | BA8: 203.5 | BB8: 210.2 | BC8: 110.7 | BD8: 88.9 | BE8: 110.9 | BF8: 142 | BG8: 125.3 | BH8: 125.3 | BI8: 116.9 | BJ8: 140.1 | BK8: 175.4 | BL8: 180.2 | BM8: 187.3 | BN8: 182.6 | BO8: 154.7 | BP8: 136.7 | BQ8: 143.5 | BR8: 161.5 | BS8: 148.6 | BT8: 110.6 | BU8: 92.6 | BV8: 71.6 | BW8: 75.4 | BX8: 83 | BY8: 99.3 | BZ8: 114.2 | CA8: 99 | CB8: 84.5 | CC8: 100.9 | CD8: 119.9 | CE8: 125.7 | CF8: 116.3 | CG8: 113.1 | CH8: 105.3 | CI8: 122 | CJ8: 134.1 | CK8: 142.8 | CL8: 157.4 | CM8: 150.4 | CN8: 143.1 | CO8: 134 | CP8: 142.1 | CQ8: 134.9 | CR8: 136.1 | CS8: 145.2 | CT8: 117.8 | CU8: 108.4 | CV8: 146.5 | CW8: 149.3 | CX8: 143.9 | CY8: 108.4 | CZ8: 124.3 | DA8: 173.1 | DB8: 196 | DC8: 166.5 | DD8: 134.4 | DE8: 137.7 | DF8: 165.8 | DG8: 147.2 | DH8: 152.1 | DI8: 152.3 | DJ8: 181.2 | DK8: 141.1 | DL8: 129.9 | DM8: 130.2 | DN8: 158.7 | DO8: 172.5 | DP8: 200.5 | DQ8: 181.3 | DR8: 148.6 | DS8: 133.4 | DT8: 152.9 | DU8: 184.2 | DV8: 188.5 | DW8: 198.8 | DX8: 204.5 | DY8: 200.1 | DZ8: 185 | EA8: 163.4 | EB8: 121.5 | EC8: 129.5 | ED8: 143.4 | EE8: 166.3 | EF8: 223.3 | EG8: 207.1 | EH8: 225.1 | EI8: 248.2 | EJ8: 220.5 | EK8: 172.8 | EL8: 224.5
A9: Drumstick | B9: 1101020120 | C9: 0.01823 | D9: 59 | E9: 59.5 | F9: 90.9 | G9: 94.1 | H9: 74.3 | I9: 64.8 | J9: 81.9 | K9: 114 | L9: 227.1 | M9: 189.2 | N9: 122.5 | O9: 69.3 | P9: 61.5 | Q9: 69.5 | R9: 112 | S9: 134.3 | T9: 115.8 | U9: 115.3 | V9: 203 | W9: 256.9 | X9: 276.1 | Y9: 273.4 | Z9: 178.7 | AA9: 88.3 | AB9: 89.7 | AC9: 94.4 | AD9: 182.4 | AE9: 133 | AF9: 122.8 | AG9: 147.7 | AH9: 172.9 | AI9: 276 | AJ9: 352.5 | AK9: 379.2 | AL9: 204.1 | AM9: 121.5 | AN9: 113.3 | AO9: 151.8 | AP9: 158.2 | AQ9: 129.7 | AR9: 129.7 | AS9: 129.7 | AT9: 129.7 | AU9: 129.7 | AV9: 129.7 | AW9: 129.7 | AX9: 129.7 | AY9: 129.7 | AZ9: 76.5 | BA9: 102.8 | BB9: 163 | BC9: 139.7 | BD9: 91 | BE9: 91.9 | BF9: 103 | BG9: 138.6 | BH9: 214 | BI9: 229.6 | BJ9: 131.2 | BK9: 89 | BL9: 76.2 | BM9: 112.8 | BN9: 125.8 | BO9: 162.9 | BP9: 160.6 | BQ9: 176.8 | BR9: 256.2 | BS9: 254.2 | BT9: 380.2 | BU9: 315.7 | BV9: 218.5 | BW9: 112.5 | BX9: 97.1 | BY9: 103 | BZ9: 134 | CA9: 148.6 | CB9: 117.1 | CC9: 112.7 | CD9: 128.7 | CE9: 199.1 | CF9: 219.3 | CG9: 269.8 | CH9: 227.5 | CI9: 106.3 | CJ9: 79.5 | CK9: 95.9 | CL9: 120.4 | CM9: 192.5 | CN9: 161.8 | CO9: 156.8 | CP9: 178.7 | CQ9: 321.4 | CR9: 601.4 | CS9: 472 | CT9: 248.9 | CU9: 127.3 | CV9: 105.3 | CW9: 98.7 | CX9: 138.8 | CY9: 157.1 | CZ9: 173.6 | DA9: 228.7 | DB9: 228.2 | DC9: 255.7 | DD9: 208.2 | DE9: 345.8 | DF9: 307.7 | DG9: 232.5 | DH9: 102.6 | DI9: 103.2 | DJ9: 194 | DK9: 181.9 | DL9: 147.2 | DM9: 161.5 | DN9: 251.6 | DO9: 335.6 | DP9: 581.4 | DQ9: 698.3 | DR9: 525.5 | DS9: 275.8 | DT9: 129.9 | DU9: 150.9 | DV9: 208.4 | DW9: 153.3 | DX9: 159.9 | DY9: 223.7 | DZ9: 310.6 | EA9: 374.4 | EB9: 485.2 | EC9: 480.1 | ED9: 407.5 | EE9: 257.6 | EF9: 140.1 | EG9: 142.5 | EH9: 192.7 | EI9: 166.5 | EJ9: 138.3 | EK9: 102.7 | EL9: 258.2
A10: Orange | B10: 1101020204 | C10: 0.12653 | D10: 107.9 | E10: 109.9 | F10: 112.2 | G10: 0 | H10: 0 | I10: 0 | J10: 0 | K10: 113.3 | L10: 109.9 | M10: 109.7 | N10: 111 | O10: 110 | P10: 110.2 | Q10: 120.1 | R10: 120.4 | S10: 0 | T10: 0 | U10: 0 | V10: 0 | W10: 108 | X10: 99.3 | Y10: 95.2 | Z10: 100.1 | AA10: 109.2 | AB10: 114 | AC10: 119.9 | AD10: 121.2 | AE10: 0 | AF10: 0 | AG10: 0 | AH10: 0 | AI10: 106.8 | AJ10: 101.4 | AK10: 106.6 | AL10: 111.8 | AM10: 112.3 | AN10: 113.3 | AO10: 114.7 | AP10: 116.4 | AQ10: 0 | AR10: 0 | AS10: 0 | AT10: 0 | AU10: 94.2 | AV10: 97.4 | AW10: 105.4 | AX10: 105.6 | AY10: 108.1 | AZ10: 124.2 | BA10: 124.6 | BB10: 130.2 | BC10: 0 | BD10: 0 | BE10: 0 | BF10: 0 | BG10: 124.5 | BH10: 122.2 | BI10: 121.7 | BJ10: 122.2 | BK10: 122.6 | BL10: 122.9 | BM10: 126.5 | BN10: 132.5 | BO10: 0 | BP10: 0 | BQ10: 0 | BR10: 0 | BS10: 125.1 | BT10: 126 | BU10: 123.3 | BV10: 123.7 | BW10: 121.2 | BX10: 123.7 | BY10: 136.1 | BZ10: 145.1 | CA10: 0 | CB10: 0 | CC10: 0 | CD10: 0 | CE10: 108.4 | CF10: 93.9 | CG10: 94.7 | CH10: 99.2 | CI10: 101.3 | CJ10: 112.3 | CK10: 117.7 | CL10: 120.1 | CM10: 0 | CN10: 0 | CO10: 0 | CP10: 0 | CQ10: 120.2 | CR10: 111.4 | CS10: 111.6 | CT10: 99 | CU10: 96.7 | CV10: 104.7 | CW10: 115 | CX10: 121 | CY10: 0 | CZ10: 0 | DA10: 0 | DB10: 0 | DC10: 130.4 | DD10: 110.8 | DE10: 117.7 | DF10: 154.4 | DG10: 186.1 | DH10: 253.8 | DI10: 285.7 | DJ10: 284.9 | DK10: 0 | DL10: 0 | DM10: 0 | DN10: 0 | DO10: 168.2 | DP10: 177.7 | DQ10: 184.7 | DR10: 201.2 | DS10: 223.6 | DT10: 254 | DU10: 259 | DV10: 265.4 | DW10: 0 | DX10: 0 | DY10: 0 | DZ10: 0 | EA10: 188.9 | EB10: 187.8 | EC10: 215.9 | ED10: 239 | EE10: 242.5 | EF10: 280.5 | EG10: 284.2 | EH10: 293.1 | EI10: 0 | EJ10: 0 | EK10: 0 | EL10: 0
A11: Cashew nut | B11: 1101020205 | C11: 0.06583 | D11: 90.3 | E11: 96.1 | F11: 96 | G11: 99.5 | H11: 103.5 | I11: 103.1 | J11: 101.5 | K11: 102.7 | L11: 101.2 | M11: 103 | N11: 104.6 | O11: 98.3 | P11: 95.8 | Q11: 96.7 | R11: 99.1 | S11: 101.9 | T11: 103.9 | U11: 106.6 | V11: 109.8 | W11: 113.5 | X11: 114.3 | Y11: 115.3 | Z11: 116.4 | AA11: 115.3 | AB11: 115.2 | AC11: 107.7 | AD11: 112.8 | AE11: 115.3 | AF11: 112.6 | AG11: 116.5 | AH11: 123.9 | AI11: 124.5 | AJ11: 122.8 | AK11: 127.8 | AL11: 131.4 | AM11: 128.5 | AN11: 126.3 | AO11: 131.7 | AP11: 132.4 | AQ11: 134.9 | AR11: 136 | AS11: 138.6 | AT11: 145.1 | AU11: 144.2 | AV11: 145.8 | AW11: 142.7 | AX11: 145.2 | AY11: 144.4 | AZ11: 145.4 | BA11: 148.5 | BB11: 150.8 | BC11: 150.5 | BD11: 154.1 | BE11: 164.8 | BF11: 166.6 | BG11: 165.6 | BH11: 169.5 | BI11: 171.7 | BJ11: 172.3 | BK11: 171.1 | BL11: 166.8 | BM11: 170.9 | BN11: 173.2 | BO11: 173.8 | BP11: 178.6 | BQ11: 179.9 | BR11: 181.3 | BS11: 177.6 | BT11: 181.6 | BU11: 183.5 | BV11: 182.6 | BW11: 181 | BX11: 177.3 | BY11: 173.7 | BZ11: 171.5 | CA11: 172.9 | CB11: 173.2 | CC11: 170.8 | CD11: 168.6 | CE11: 171.3 | CF11: 170.9 | CG11: 169.7 | CH11: 165.7 | CI11: 163.3 | CJ11: 159.2 | CK11: 156.9 | CL11: 158.8 | CM11: 157.1 | CN11: 155.2 | CO11: 158 | CP11: 160.3 | CQ11: 161.7 | CR11: 163.3 | CS11: 163.7 | CT11: 163.1 | CU11: 159.6 | CV11: 160.3 | CW11: 160.4 | CX11: 159.1 | CY11: 154.8 | CZ11: 156.8 | DA11: 156.7 | DB11: 158.5 | DC11: 161.7 | DD11: 158.8 | DE11: 164.7 | DF11: 161.8 | DG11: 162.1 | DH11: 158.3 | DI11: 154.4 | DJ11: 152.5 | DK11: 150.4 | DL11: 156.9 | DM11: 163 | DN11: 167.5 | DO11: 168.3 | DP11: 163 | DQ11: 162.3 | DR11: 160.3 | DS11: 160.8 | DT11: 161.6 | DU11: 163.2 | DV11: 161.1 | DW11: 157.1 | DX11: 154.9 | DY11: 155.1 | DZ11: 154.1 | EA11: 153.9 | EB11: 153.5 | EC11: 150.2 | ED11: 152.4 | EE11: 151.8 | EF11: 154.8 | EG11: 150.4 | EH11: 146.7 | EI11: 145.4 | EJ11: 145.7 | EK11: 146.3 | EL11: 147
A12: Grapes | B12: 1101020208 | C12: 0.04932 | D12: 88.1 | E12: 0 | F12: 0 | G12: 0 | H12: 0 | I12: 0 | J12: 93.5 | K12: 101.3 | L12: 104.1 | M12: 102.4 | N12: 94.8 | O12: 92.2 | P12: 94.2 | Q12: 0 | R12: 0 | S12: 0 | T12: 0 | U12: 0 | V12: 105.4 | W12: 107.7 | X12: 109.1 | Y12: 103.9 | Z12: 99 | AA12: 98 | AB12: 101.6 | AC12: 0 | AD12: 0 | AE12: 0 | AF12: 0 | AG12: 0 | AH12: 118.2 | AI12: 123.8 | AJ12: 121.9 | AK12: 130.5 | AL12: 120.5 | AM12: 108.1 | AN12: 110 | AO12: 0 | AP12: 0 | AQ12: 0 | AR12: 0 | AS12: 0 | AT12: 135.5 | AU12: 128.6 | AV12: 125.1 | AW12: 116.4 | AX12: 128 | AY12: 119.4 | AZ12: 108.7 | BA12: 0 | BB12: 0 | BC12: 0 | BD12: 0 | BE12: 0 | BF12: 111.5 | BG12: 113.8 | BH12: 120 | BI12: 112.8 | BJ12: 115.4 | BK12: 105.2 | BL12: 102.1 | BM12: 0 | BN12: 0 | BO12: 0 | BP12: 0 | BQ12: 0 | BR12: 122 | BS12: 123.5 | BT12: 128.6 | BU12: 119.2 | BV12: 113.7 | BW12: 111.1 | BX12: 119.2 | BY12: 0 | BZ12: 0 | CA12: 0 | CB12: 0 | CC12: 0 | CD12: 119.6 | CE12: 118.5 | CF12: 121.6 | CG12: 118.8 | CH12: 111 | CI12: 109.6 | CJ12: 118.1 | CK12: 0 | CL12: 0 | CM12: 0 | CN12: 0 | CO12: 0 | CP12: 154.5 | CQ12: 176.9 | CR12: 139.5 | CS12: 138.5 | CT12: 143 | CU12: 139.2 | CV12: 132.2 | CW12: 0 | CX12: 0 | CY12: 0 | CZ12: 0 | DA12: 0 | DB12: 120.3 | DC12: 123 | DD12: 139.8 | DE12: 142.7 | DF12: 145.1 | DG12: 132.8 | DH12: 143.4 | DI12: 0 | DJ12: 0 | DK12: 0 | DL12: 0 | DM12: 0 | DN12: 169.7 | DO12: 199.3 | DP12: 161.6 | DQ12: 159.9 | DR12: 146.3 | DS12: 149 | DT12: 159.5 | DU12: 0 | DV12: 0 | DW12: 0 | DX12: 0 | DY12: 0 | DZ12: 185.3 | EA12: 217.7 | EB12: 195.4 | EC12: 179.4 | ED12: 194.4 | EE12: 187.4 | EF12: 183.2 | EG12: 0 | EH12: 0 | EI12: 0 | EJ12: 0 | EK12: 0 | EL12: 216
A13: Litchi | B13: 1101020211 | C13: 0.02955 | D13: 0 | E13: 0 | F13: 125.7 | G13: 156.7 | H13: 0 | I13: 0 | J13: 0 | K13: 0 | L13: 0 | M13: 0 | N13: 0 | O13: 0 | P13: 0 | Q13: 0 | R13: 129.5 | S13: 147.5 | T13: 0 | U13: 0 | V13: 0 | W13: 0 | X13: 0 | Y13: 0 | Z13: 0 | AA13: 0 | AB13: 0 | AC13: 0 | AD13: 170 | AE13: 159.3 | AF13: 0 | AG13: 0 | AH13: 0 | AI13: 0 | AJ13: 0 | AK13: 0 | AL13: 0 | AM13: 0 | AN13: 0 | AO13: 0 | AP13: 161 | AQ13: 178.5 | AR13: 0 | AS13: 0 | AT13: 0 | AU13: 0 | AV13: 0 | AW13: 0 | AX13: 0 | AY13: 0 | AZ13: 0 | BA13: 0 | BB13: 181.1 | BC13: 191.2 | BD13: 0 | BE13: 0 | BF13: 0 | BG13: 0 | BH13: 0 | BI13: 0 | BJ13: 0 | BK13: 0 | BL13: 0 | BM13: 0 | BN13: 132.6 | BO13: 194.1 | BP13: 0 | BQ13: 0 | BR13: 0 | BS13: 0 | BT13: 0 | BU13: 0 | BV13: 0 | BW13: 0 | BX13: 0 | BY13: 0 | BZ13: 126.7 | CA13: 132.8 | CB13: 0 | CC13: 0 | CD13: 0 | CE13: 0 | CF13: 0 | CG13: 0 | CH13: 0 | CI13: 0 | CJ13: 0 | CK13: 0 | CL13: 135.9 | CM13: 127.5 | CN13: 0 | CO13: 0 | CP13: 0 | CQ13: 0 | CR13: 0 | CS13: 0 | CT13: 0 | CU13: 0 | CV13: 0 | CW13: 0 | CX13: 127.5 | CY13: 127.5 | CZ13: 0 | DA13: 0 | DB13: 0 | DC13: 0 | DD13: 0 | DE13: 0 | DF13: 0 | DG13: 0 | DH13: 0 | DI13: 0 | DJ13: 121.8 | DK13: 131.5 | DL13: 0 | DM13: 0 | DN13: 0 | DO13: 0 | DP13: 0 | DQ13: 0 | DR13: 0 | DS13: 0 | DT13: 0 | DU13: 0 | DV13: 148.7 | DW13: 287.7 | DX13: 0 | DY13: 0 | DZ13: 0 | EA13: 0 | EB13: 0 | EC13: 0 | ED13: 0 | EE13: 0 | EF13: 0 | EG13: 0 | EH13: 199.7 | EI13: 229 | EJ13: 0 | EK13: 0 | EL13: 0
... A870: Non Mechanical Toys | B870: 1322040004 | C870: 0.00014 | D870: 107 | E870: 107 | F870: 107 | G870: 107 | H870: 107 | I870: 107 | J870: 107 | K870: 107 | L870: 107 | M870: 107.3 | N870: 107.3 | O870: 107.3 | P870: 113.2 | Q870: 113.2 | R870: 113.2 | S870: 113.2 | T870: 113.2 | U870: 113.2 | V870: 113.2 | W870: 113.2 | X870: 113.2 | Y870: 113.7 | Z870: 113.7 | AA870: 113.7 | AB870: 121 | AC870: 121 | AD870: 121 | AE870: 121 | AF870: 121 | AG870: 121.8 | AH870: 121.8 | AI870: 121.8 | AJ870: 121.8 | AK870: 122.4 | AL870: 122.4 | AM870: 122.4 | AN870: 128.5 | AO870: 128.5 | AP870: 128.5 | AQ870: 130.7 | AR870: 130.7 | AS870: 130.7 | AT870: 130.7 | AU870: 130.7 | AV870: 130.7 | AW870: 131.1 | AX870: 131.1 | AY870: 136.8 | AZ870: 137.4 | BA870: 137.4 | BB870: 137.4 | BC870: 137.4 | BD870: 137.4 | BE870: 137.4 | BF870: 137.4 | BG870: 137.4 | BH870: 137.4 | BI870: 137.8 | BJ870: 137.8 | BK870: 137.8 | BL870: 137.8 | BM870: 137.8 | BN870: 137.4 | BO870: 137.8 | BP870: 141.2 | BQ870: 140.4 | BR870: 140.4 | BS870: 140.4 | BT870: 140.4 | BU870: 140.8 | BV870: 141.6 | BW870: 141.6 | BX870: 145.4 | BY870: 141.6 | BZ870: 141.6 | CA870: 141.6 | CB870: 145.5 | CC870: 145.4 | CD870: 162.3 | CE870: 162.3 | CF870: 162.3 | CG870: 162.8 | CH870: 162.9 | CI870: 162.8 | CJ870: 166.8 | CK870: 169.5 | CL870: 172 | CM870: 172 | CN870: 176.5 | CO870: 178.6 | CP870: 194.2 | CQ870: 194.2 | CR870: 192.5 | CS870: 191.6 | CT870: 189.9 | CU870: 190.7 | CV870: 189.2 | CW870: 189.2 | CX870: 189 | CY870: 189 | CZ870: 188 | DA870: 188 | DB870: 186.2 | DC870: 187.3 | DD870: 192.7 | DE870: 192.7 | DF870: 192.7 | DG870: 192.7 | DH870: 192.7 | DI870: 192.7 | DJ870: 192.5 | DK870: 192.5 | DL870: 192.5 | DM870: 195.2 | DN870: 196 | DO870: 202.3 | DP870: 202.4 | DQ870: 202.6 | DR870: 202.9 | DS870: 202.9 | DT870: 203.7 | DU870: 203.8 | DV870: 211.5 | DW870: 211.5 | DX870: 207.4 | DY870: 207.4 | DZ870: 207.8 | EA870: 207.8 | EB870: 208.5 | EC870: 208.5 | ED870: 208.5 | EE870: 207 | EF870: 207 | EG870: 207.8 | EH870: 207.8 | EI870: 208.5 | EJ870: 210 | EK870: 211.5 | EL870: 211.5

Sheet data_prepped
A1: COMM_NAME | B1: COMM_CODE | C1: COMM_WT | D1: BASE MONTH-YEAR WT_INDX | E1: WT_INDX042012 | F1: WT_INDX052012 | G1: WT_INDX062012 | H1: WT_INDX072012 | I1: WT_INDX082012 | J1: WT_INDX092012 | K1: WT_INDX102012 | L1: WT_INDX112012 | M1: WT_INDX122012 | N1: WT_INDX012013 | O1: WT_INDX022013 | P1: WT_INDX032013 | Q1: WT_INDX042013 | R1: WT_INDX052013 | S1: WT_INDX062013 | T1: WT_INDX072013 | U1: WT_INDX082013 | V1: WT_INDX092013 | W1: WT_INDX102013 | X1: WT_INDX112013 | Y1: WT_INDX122013 | Z1: WT_INDX012014 | AA1: WT_INDX022014 | AB1: WT_INDX032014 | AC1: WT_INDX042014 | AD1: WT_INDX052014 | AE1: WT_INDX062014 | AF1: WT_INDX072014 | AG1: WT_INDX082014 | AH1: WT_INDX092014 | AI1: WT_INDX102014 | AJ1: WT_INDX112014 | AK1: WT_INDX122014 | AL1: WT_INDX012015 | AM1: WT_INDX022015 | AN1: WT_INDX032015 | AO1: WT_INDX042015 | AP1: WT_INDX052015 | AQ1: WT_INDX062015 | AR1: WT_INDX072015 | AS1: WT_INDX082015 | AT1: WT_INDX092015 | AU1: WT_INDX102015 | AV1: WT_INDX112015 | AW1: WT_INDX122015 | AX1: WT_INDX012016 | AY1: WT_INDX022016 | AZ1: WT_INDX032016 | BA1: WT_INDX042016 | BB1: WT_INDX052016 | BC1: WT_INDX062016 | BD1: WT_INDX072016 | BE1: WT_INDX082016 | BF1: WT_INDX092016 | BG1: WT_INDX102016 | BH1: WT_INDX112016 | BI1: WT_INDX122016 | BJ1: WT_INDX012017 | BK1: WT_INDX022017 | BL1: WT_INDX032017 | BM1: WT_INDX042017 | BN1: WT_INDX052017 | BO1: WT_INDX062017 | BP1: WT_INDX072017 | BQ1: WT_INDX082017 | BR1: WT_INDX092017 | BS1: WT_INDX102017 | BT1: WT_INDX112017 | BU1: WT_INDX122017 | BV1: WT_INDX012018 | BW1: WT_INDX022018 | BX1: WT_INDX032018 | BY1: WT_INDX042018 | BZ1: WT_INDX052018 | CA1: WT_INDX062018 | CB1: WT_INDX072018 | CC1: WT_INDX082018 | CD1: WT_INDX092018 | CE1: WT_INDX102018 | CF1: WT_INDX112018 | CG1: WT_INDX122018 | CH1: WT_INDX012019 | CI1: WT_INDX022019 | CJ1: WT_INDX032019 | CK1: WT_INDX042019 | CL1: WT_INDX052019 | CM1: WT_INDX062019 | CN1: WT_INDX072019 | CO1: WT_INDX082019 | CP1: WT_INDX092019 | CQ1: WT_INDX102019 | CR1: WT_INDX112019 | CS1: WT_INDX122019 | CT1: WT_INDX012020 | CU1: WT_INDX022020 | CV1: WT_INDX032020 | CW1: WT_INDX042020 | CX1: WT_INDX052020 | CY1: WT_INDX062020 | CZ1: WT_INDX072020 | DA1: WT_INDX082020 | DB1: WT_INDX092020 | DC1: WT_INDX102020 | DD1: WT_INDX112020 | DE1: WT_INDX122020 | DF1: WT_INDX012021 | DG1: WT_INDX022021 | DH1: WT_INDX032021 | DI1: WT_INDX042021 | DJ1: WT_INDX052021 | DK1: WT_INDX062021 | DL1: WT_INDX072021 | DM1: WT_INDX082021 | DN1: WT_INDX092021 | DO1: WT_INDX102021 | DP1: WT_INDX112021 | DQ1: WT_INDX122021 | DR1: WT_INDX012022 | DS1: WT_INDX022022 | DT1: WT_INDX032022 | DU1: WT_INDX042022 | DV1: WT_INDX052022 | DW1: WT_INDX062022 | DX1: WT_INDX072022 | DY1: WT_INDX082022 | DZ1: WT_INDX092022 | EA1: WT_INDX102022 | EB1: WT_INDX112022 | EC1: WT_INDX122022 | ED1: WT_INDX012023 | EE1: WT_INDX022023 | EF1: WT_INDX032023 | EG1: WT_INDX042023 | EH1: WT_INDX052023 | EI1: WT_INDX062023 | EJ1: WT_INDX072023 | EK1: WT_INDX082023 | EL1: WT_INDX092023 | EM1: WT_INDX102023
A2: Bajra | B2: 1101010104 | C2: =_xlfn.XLOOKUP(B2,WPI_RAW_DATA!$B$2:$B$870,WPI_RAW_DATA!$C$2:$C$870,0,0) -> 0.08637 | D2: =_xlfn.XLOOKUP(B2,WPI_RAW_DATA!$B$2:$B$870,WPI_RAW_DATA!$D$2:$D$870,0,0) -> 107.7 | E2: =IFERROR(WPI_RAW_DATA!D2*data_prepped!$C2*100/data_prepped!$D2,0) -> 8.637 | F2: =IFERROR(WPI_RAW_DATA!E2*data_prepped!$C2*100/data_prepped!$D2,0) -> 8.765312 | G2: =IFERROR(WPI_RAW_DATA!F2*data_prepped!$C2*100/data_prepped!$D2,0) -> 8.5808635 | H2: =IFERROR(WPI_RAW_DATA!G2*data_prepped!$C2*100/data_prepped!$D2,0) -> 9.1342089 | I2: =IFERROR(WPI_RAW_DATA!H2*data_prepped!$C2*100/data_prepped!$D2,0) -> 9.6795348 | J2: =IFERROR(WPI_RAW_DATA!I2*data_prepped!$C2*100/data_prepped!$D2,0) -> 9.7597298 | K2: =IFERROR(WPI_RAW_DATA!J2*data_prepped!$C2*100/data_prepped!$D2,0) -> 9.2063844 | L2: =IFERROR(WPI_RAW_DATA!K2*data_prepped!$C2*100/data_prepped!$D2,0) -> 9.6554763 | ... EM2: =IFERROR(WPI_RAW_DATA!EL2*data_prepped!$C2*100/data_prepped!$D2,0) -> 18.565139
A3: Moong | B3: 1101010203 | C3: =_xlfn.XLOOKUP(B3,WPI_RAW_DATA!$B$2:$B$870,WPI_RAW_DATA!$C$2:$C$870,0,0) -> 0.07088 | D3: =_xlfn.XLOOKUP(B3,WPI_RAW_DATA!$B$2:$B$870,WPI_RAW_DATA!$D$2:$D$870,0,0) -> 96.3 | E3: =IFERROR(WPI_RAW_DATA!D3*data_prepped!$C3*100/data_prepped!$D3,0) -> 7.088 | F3: =IFERROR(WPI_RAW_DATA!E3*data_prepped!$C3*100/data_prepped!$D3,0) -> 7.065919 | G3: =IFERROR(WPI_RAW_DATA!F3*data_prepped!$C3*100/data_prepped!$D3,0) -> 7.110081 | H3: =IFERROR(WPI_RAW_DATA!G3*data_prepped!$C3*100/data_prepped!$D3,0) -> 7.6253043 | I3: =IFERROR(WPI_RAW_DATA!H3*data_prepped!$C3*100/data_prepped!$D3,0) -> 8.0006812 | J3: =IFERROR(WPI_RAW_DATA!I3*data_prepped!$C3*100/data_prepped!$D3,0) -> 7.9786002 | K3: =IFERROR(WPI_RAW_DATA!J3*data_prepped!$C3*100/data_prepped!$D3,0) -> 8.2582928 | L3: =IFERROR(WPI_RAW_DATA!K3*data_prepped!$C3*100/data_prepped!$D3,0) -> 8.3539772 | ... EM3: =IFERROR(WPI_RAW_DATA!EL3*data_prepped!$C3*100/data_prepped!$D3,0) -> 15.132843
A4: Masur | B4: 1101010204 | C4: =_xlfn.XLOOKUP(B4,WPI_RAW_DATA!$B$2:$B$870,WPI_RAW_DATA!$C$2:$C$870,0,0) -> 0.05299 | D4: =_xlfn.XLOOKUP(B4,WPI_RAW_DATA!$B$2:$B$870,WPI_RAW_DATA!$D$2:$D$870,0,0) -> 102.5 | E4: =IFERROR(WPI_RAW_DATA!D4*data_prepped!$C4*100/data_prepped!$D4,0) -> 5.299 | F4: =IFERROR(WPI_RAW_DATA!E4*data_prepped!$C4*100/data_prepped!$D4,0) -> 5.552318 | G4: =IFERROR(WPI_RAW_DATA!F4*data_prepped!$C4*100/data_prepped!$D4,0) -> 5.6712224 | H4: =IFERROR(WPI_RAW_DATA!G4*data_prepped!$C4*100/data_prepped!$D4,0) -> 5.955559 | I4: =IFERROR(WPI_RAW_DATA!H4*data_prepped!$C4*100/data_prepped!$D4,0) -> 6.1623493 | J4: =IFERROR(WPI_RAW_DATA!I4*data_prepped!$C4*100/data_prepped!$D4,0) -> 6.1520098 | K4: =IFERROR(WPI_RAW_DATA!J4*data_prepped!$C4*100/data_prepped!$D4,0) -> 6.1313307 | L4: =IFERROR(WPI_RAW_DATA!K4*data_prepped!$C4*100/data_prepped!$D4,0) -> 6.105482 | ... EM4: =IFERROR(WPI_RAW_DATA!EL4*data_prepped!$C4*100/data_prepped!$D4,0) -> 9.7966878
A5: Peas/Chawali | B5: 1101010206 | C5: =_xlfn.XLOOKUP(B5,WPI_RAW_DATA!$B$2:$B$870,WPI_RAW_DATA!$C$2:$C$870,0,0) -> 0.02444 | D5: =_xlfn.XLOOKUP(B5,WPI_RAW_DATA!$B$2:$B$870,WPI_RAW_DATA!$D$2:$D$870,0,0) -> 113.2 | E5: =IFERROR(WPI_RAW_DATA!D5*data_prepped!$C5*100/data_prepped!$D5,0) -> 2.444 | F5: =IFERROR(WPI_RAW_DATA!E5*data_prepped!$C5*100/data_prepped!$D5,0) -> 2.657742 | G5: =IFERROR(WPI_RAW_DATA!F5*data_prepped!$C5*100/data_prepped!$D5,0) -> 2.8995512 | H5: =IFERROR(WPI_RAW_DATA!G5*data_prepped!$C5*100/data_prepped!$D5,0) -> 3.1823816 | I5: =IFERROR(WPI_RAW_DATA!H5*data_prepped!$C5*100/data_prepped!$D5,0) -> 3.0938622 | J5: =IFERROR(WPI_RAW_DATA!I5*data_prepped!$C5*100/data_prepped!$D5,0) -> 3.3205583 | K5: =IFERROR(WPI_RAW_DATA!J5*data_prepped!$C5*100/data_prepped!$D5,0) -> 3.1651095 | L5: =IFERROR(WPI_RAW_DATA!K5*data_prepped!$C5*100/data_prepped!$D5,0) -> 2.845576 | ... EM5: =IFERROR(WPI_RAW_DATA!EL5*data_prepped!$C5*100/data_prepped!$D5,0) -> 5.1298092
A6: Cauliflower | B6: 1101020108 | C6: =_xlfn.XLOOKUP(B6,WPI_RAW_DATA!$B$2:$B$870,WPI_RAW_DATA!$C$2:$C$870,0,0) -> 0.16697 | D6: =_xlfn.XLOOKUP(B6,WPI_RAW_DATA!$B$2:$B$870,WPI_RAW_DATA!$D$2:$D$870,0,0) -> 119.1 | E6: =IFERROR(WPI_RAW_DATA!D6*data_prepped!$C6*100/data_prepped!$D6,0) -> 16.697 | F6: =IFERROR(WPI_RAW_DATA!E6*data_prepped!$C6*100/data_prepped!$D6,0) -> 0 | G6: =IFERROR(WPI_RAW_DATA!F6*data_prepped!$C6*100/data_prepped!$D6,0) -> 0 | H6: =IFERROR(WPI_RAW_DATA!G6*data_prepped!$C6*100/data_prepped!$D6,0) -> 0 | I6: =IFERROR(WPI_RAW_DATA!H6*data_prepped!$C6*100/data_prepped!$D6,0) -> 0 | J6: =IFERROR(WPI_RAW_DATA!I6*data_prepped!$C6*100/data_prepped!$D6,0) -> 18.869993 | K6: =IFERROR(WPI_RAW_DATA!J6*data_prepped!$C6*100/data_prepped!$D6,0) -> 18.140989 | L6: =IFERROR(WPI_RAW_DATA!K6*data_prepped!$C6*100/data_prepped!$D6,0) -> 14.25764 | ... EM6: =IFERROR(WPI_RAW_DATA!EL6*data_prepped!$C6*100/data_prepped!$D6,0) -> 34.291236
A7: Okra (Lady finger) | B7: 1101020110 | C7: =_xlfn.XLOOKUP(B7,WPI_RAW_DATA!$B$2:$B$870,WPI_RAW_DATA!$C$2:$C$870,0,0) -> 0.14592 | D7: =_xlfn.XLOOKUP(B7,WPI_RAW_DATA!$B$2:$B$870,WPI_RAW_DATA!$D$2:$D$870,0,0) -> 152.2 | E7: =IFERROR(WPI_RAW_DATA!D7*data_prepped!$C7*100/data_prepped!$D7,0) -> 14.592 | F7: =IFERROR(WPI_RAW_DATA!E7*data_prepped!$C7*100/data_prepped!$D7,0) -> 8.8779185 | G7: =IFERROR(WPI_RAW_DATA!F7*data_prepped!$C7*100/data_prepped!$D7,0) -> 8.6574087 | H7: =IFERROR(WPI_RAW_DATA!G7*data_prepped!$C7*100/data_prepped!$D7,0) -> 8.341025 | I7: =IFERROR(WPI_RAW_DATA!H7*data_prepped!$C7*100/data_prepped!$D7,0) -> 7.4781603 | J7: =IFERROR(WPI_RAW_DATA!I7*data_prepped!$C7*100/data_prepped!$D7,0) -> 7.2001261 | K7: =IFERROR(WPI_RAW_DATA!J7*data_prepped!$C7*100/data_prepped!$D7,0) -> 8.5615348 | L7: =IFERROR(WPI_RAW_DATA!K7*data_prepped!$C7*100/data_prepped!$D7,0) -> 9.0313167 | ... EM7: =IFERROR(WPI_RAW_DATA!EL7*data_prepped!$C7*100/data_prepped!$D7,0) -> 11.84042
A8: Beans | B8: 1101020118 | C8: =_xlfn.XLOOKUP(B8,WPI_RAW_DATA!$B$2:$B$870,WPI_RAW_DATA!$C$2:$C$870,0,0) -> 0.08309 | D8: =_xlfn.XLOOKUP(B8,WPI_RAW_DATA!$B$2:$B$870,WPI_RAW_DATA!$D$2:$D$870,0,0) -> 140.4 | E8: =IFERROR(WPI_RAW_DATA!D8*data_prepped!$C8*100/data_prepped!$D8,0) -> 8.309 | F8: =IFERROR(WPI_RAW_DATA!E8*data_prepped!$C8*100/data_prepped!$D8,0) -> 8.1314573 | G8: =IFERROR(WPI_RAW_DATA!F8*data_prepped!$C8*100/data_prepped!$D8,0) -> 8.1847201 | H8: =IFERROR(WPI_RAW_DATA!G8*data_prepped!$C8*100/data_prepped!$D8,0) -> 6.5809174 | I8: =IFERROR(WPI_RAW_DATA!H8*data_prepped!$C8*100/data_prepped!$D8,0) -> 6.7051973 | J8: =IFERROR(WPI_RAW_DATA!I8*data_prepped!$C8*100/data_prepped!$D8,0) -> 5.3440363 | K8: =IFERROR(WPI_RAW_DATA!J8*data_prepped!$C8*100/data_prepped!$D8,0) -> 5.710958 | L8: =IFERROR(WPI_RAW_DATA!K8*data_prepped!$C8*100/data_prepped!$D8,0) -> 6.6933611 | ... EM8: =IFERROR(WPI_RAW_DATA!EL8*data_prepped!$C8*100/data_prepped!$D8,0) -> 13.286115
A9: Drumstick | B9: 1101020120 | C9: =_xlfn.XLOOKUP(B9,WPI_RAW_DATA!$B$2:$B$870,WPI_RAW_DATA!$C$2:$C$870,0,0) -> 0.01823 | D9: =_xlfn.XLOOKUP(B9,WPI_RAW_DATA!$B$2:$B$870,WPI_RAW_DATA!$D$2:$D$870,0,0) -> 59 | E9: =IFERROR(WPI_RAW_DATA!D9*data_prepped!$C9*100/data_prepped!$D9,0) -> 1.823 | F9: =IFERROR(WPI_RAW_DATA!E9*data_prepped!$C9*100/data_prepped!$D9,0) -> 1.8384492 | G9: =IFERROR(WPI_RAW_DATA!F9*data_prepped!$C9*100/data_prepped!$D9,0) -> 2.8086559 | H9: =IFERROR(WPI_RAW_DATA!G9*data_prepped!$C9*100/data_prepped!$D9,0) -> 2.9075305 | I9: =IFERROR(WPI_RAW_DATA!H9*data_prepped!$C9*100/data_prepped!$D9,0) -> 2.2957441 | J9: =IFERROR(WPI_RAW_DATA!I9*data_prepped!$C9*100/data_prepped!$D9,0) -> 2.0022102 | K9: =IFERROR(WPI_RAW_DATA!J9*data_prepped!$C9*100/data_prepped!$D9,0) -> 2.5305712 | L9: =IFERROR(WPI_RAW_DATA!K9*data_prepped!$C9*100/data_prepped!$D9,0) -> 3.5224068 | ... EM9: =IFERROR(WPI_RAW_DATA!EL9*data_prepped!$C9*100/data_prepped!$D9,0) -> 7.9779424
A10: Orange | B10: 1101020204 | C10: =_xlfn.XLOOKUP(B10,WPI_RAW_DATA!$B$2:$B$870,WPI_RAW_DATA!$C$2:$C$870,0,0) -> 0.12653 | D10: =_xlfn.XLOOKUP(B10,WPI_RAW_DATA!$B$2:$B$870,WPI_RAW_DATA!$D$2:$D$870,0,0) -> 107.9 | E10: =IFERROR(WPI_RAW_DATA!D10*data_prepped!$C10*100/data_prepped!$D10,0) -> 12.653 | F10: =IFERROR(WPI_RAW_DATA!E10*data_prepped!$C10*100/data_prepped!$D10,0) -> 12.887532 | G10: =IFERROR(WPI_RAW_DATA!F10*data_prepped!$C10*100/data_prepped!$D10,0) -> 13.157244 | H10: =IFERROR(WPI_RAW_DATA!G10*data_prepped!$C10*100/data_prepped!$D10,0) -> 0 | I10: =IFERROR(WPI_RAW_DATA!H10*data_prepped!$C10*100/data_prepped!$D10,0) -> 0 | J10: =IFERROR(WPI_RAW_DATA!I10*data_prepped!$C10*100/data_prepped!$D10,0) -> 0 | K10: =IFERROR(WPI_RAW_DATA!J10*data_prepped!$C10*100/data_prepped!$D10,0) -> 0 | L10: =IFERROR(WPI_RAW_DATA!K10*data_prepped!$C10*100/data_prepped!$D10,0) -> 13.286236 | ... EM10: =IFERROR(WPI_RAW_DATA!EL10*data_prepped!$C10*100/data_prepped!$D10,0) -> 0
A11: Cashew nut | B11: 1101020205 | C11: =_xlfn.XLOOKUP(B11,WPI_RAW_DATA!$B$2:$B$870,WPI_RAW_DATA!$C$2:$C$870,0,0) -> 0.06583 | D11: =_xlfn.XLOOKUP(B11,WPI_RAW_DATA!$B$2:$B$870,WPI_RAW_DATA!$D$2:$D$870,0,0) -> 90.3 | E11: =IFERROR(WPI_RAW_DATA!D11*data_prepped!$C11*100/data_prepped!$D11,0) -> 6.583 | F11: =IFERROR(WPI_RAW_DATA!E11*data_prepped!$C11*100/data_prepped!$D11,0) -> 7.0058283 | G11: =IFERROR(WPI_RAW_DATA!F11*data_prepped!$C11*100/data_prepped!$D11,0) -> 6.9985382 | H11: =IFERROR(WPI_RAW_DATA!G11*data_prepped!$C11*100/data_prepped!$D11,0) -> 7.2536932 | I11: =IFERROR(WPI_RAW_DATA!H11*data_prepped!$C11*100/data_prepped!$D11,0) -> 7.545299 | J11: =IFERROR(WPI_RAW_DATA!I11*data_prepped!$C11*100/data_prepped!$D11,0) -> 7.5161384 | K11: =IFERROR(WPI_RAW_DATA!J11*data_prepped!$C11*100/data_prepped!$D11,0) -> 7.3994961 | L11: =IFERROR(WPI_RAW_DATA!K11*data_prepped!$C11*100/data_prepped!$D11,0) -> 7.4869779 | ... EM11: =IFERROR(WPI_RAW_DATA!EL11*data_prepped!$C11*100/data_prepped!$D11,0) -> 10.716512
A12: Grapes | B12: 1101020208 | C12: =_xlfn.XLOOKUP(B12,WPI_RAW_DATA!$B$2:$B$870,WPI_RAW_DATA!$C$2:$C$870,0,0) -> 0.04932 | D12: =_xlfn.XLOOKUP(B12,WPI_RAW_DATA!$B$2:$B$870,WPI_RAW_DATA!$D$2:$D$870,0,0) -> 88.1 | E12: =IFERROR(WPI_RAW_DATA!D12*data_prepped!$C12*100/data_prepped!$D12,0) -> 4.932 | F12: =IFERROR(WPI_RAW_DATA!E12*data_prepped!$C12*100/data_prepped!$D12,0) -> 0 | G12: =IFERROR(WPI_RAW_DATA!F12*data_prepped!$C12*100/data_prepped!$D12,0) -> 0 | H12: =IFERROR(WPI_RAW_DATA!G12*data_prepped!$C12*100/data_prepped!$D12,0) -> 0 | I12: =IFERROR(WPI_RAW_DATA!H12*data_prepped!$C12*100/data_prepped!$D12,0) -> 0 | J12: =IFERROR(WPI_RAW_DATA!I12*data_prepped!$C12*100/data_prepped!$D12,0) -> 0 | K12: =IFERROR(WPI_RAW_DATA!J12*data_prepped!$C12*100/data_prepped!$D12,0) -> 5.2343019 | L12: =IFERROR(WPI_RAW_DATA!K12*data_prepped!$C12*100/data_prepped!$D12,0) -> 5.6709603 | ... EM12: =IFERROR(WPI_RAW_DATA!EL12*data_prepped!$C12*100/data_prepped!$D12,0) -> 12.092077
A13: Litchi | B13: 1101020211 | C13: =_xlfn.XLOOKUP(B13,WPI_RAW_DATA!$B$2:$B$870,WPI_RAW_DATA!$C$2:$C$870,0,0) -> 0.02955 | D13: =_xlfn.XLOOKUP(B13,WPI_RAW_DATA!$B$2:$B$870,WPI_RAW_DATA!$D$2:$D$870,0,0) -> 0 | E13: =IFERROR(WPI_RAW_DATA!D13*data_prepped!$C13*100/data_prepped!$D13,0) -> 0 | F13: =IFERROR(WPI_RAW_DATA!E13*data_prepped!$C13*100/data_prepped!$D13,0) -> 0 | G13: =IFERROR(WPI_RAW_DATA!F13*data_prepped!$C13*100/data_prepped!$D13,0) -> 0 | H13: =IFERROR(WPI_RAW_DATA!G13*data_prepped!$C13*100/data_prepped!$D13,0) -> 0 | I13: =IFERROR(WPI_RAW_DATA!H13*data_prepped!$C13*100/data_prepped!$D13,0) -> 0 | J13: =IFERROR(WPI_RAW_DATA!I13*data_prepped!$C13*100/data_prepped!$D13,0) -> 0 | K13: =IFERROR(WPI_RAW_DATA!J13*data_prepped!$C13*100/data_prepped!$D13,0) -> 0 | L13: =IFERROR(WPI_RAW_DATA!K13*data_prepped!$C13*100/data_prepped!$D13,0) -> 0 | ... EM13: =IFERROR(WPI_RAW_DATA!EL13*data_prepped!$C13*100/data_prepped!$D13,0) -> 0
... A870: Non Mechanical Toys | B870: 1322040004 | C870: =_xlfn.XLOOKUP(B870,WPI_RAW_DATA!$B$2:$B$870,WPI_RAW_DATA!$C$2:$C$870,0,0) -> 0.00014 | D870: =_xlfn.XLOOKUP(B870,WPI_RAW_DATA!$B$2:$B$870,WPI_RAW_DATA!$D$2:$D$870,0,0) -> 107 | E870: =IFERROR(WPI_RAW_DATA!D870*data_prepped!$C870*100/data_prepped!$D870,0) -> 0.014 | F870: =IFERROR(WPI_RAW_DATA!E870*data_prepped!$C870*100/data_prepped!$D870,0) -> 0.014 | G870: =IFERROR(WPI_RAW_DATA!F870*data_prepped!$C870*100/data_prepped!$D870,0) -> 0.014 | H870: =IFERROR(WPI_RAW_DATA!G870*data_prepped!$C870*100/data_prepped!$D870,0) -> 0.014 | I870: =IFERROR(WPI_RAW_DATA!H870*data_prepped!$C870*100/data_prepped!$D870,0) -> 0.014 | J870: =IFERROR(WPI_RAW_DATA!I870*data_prepped!$C870*100/data_prepped!$D870,0) -> 0.014 | K870: =IFERROR(WPI_RAW_DATA!J870*data_prepped!$C870*100/data_prepped!$D870,0) -> 0.014 | L870: =IFERROR(WPI_RAW_DATA!K870*data_prepped!$C870*100/data_prepped!$D870,0) -> 0.014 | ... EM870: =IFERROR(WPI_RAW_DATA!EL870*data_prepped!$C870*100/data_prepped!$D870,0) -> 0.027672897
D871: WPI | E871: =AVERAGE(E$2:E$870) -> 56.787634 | F871: =AVERAGE(F$2:F$870) -> 57.084763 | G871: =AVERAGE(G$2:G$870) -> 57.174485 | H871: =AVERAGE(H$2:H$870) -> 57.682265 | I871: =AVERAGE(I$2:I$870) -> 58.043175 | J871: =AVERAGE(J$2:J$870) -> 58.339337 | K871: =AVERAGE(K$2:K$870) -> 58.287324 | L871: =AVERAGE(L$2:L$870) -> 58.269247 | ... EM871: =AVERAGE(EM$2:EM$870) -> 82.916091
